epoch,lr,epoch_time_sec,train_loss,train_acc1,train_batch_time,val_loss,val_acc1,val_acc5,val_batch_time
1.0,1e-06,1.1191792488098145,2.3347044959664345,11.71875,0.030877068638801575,2.450955182313919,12.5,52.34375,0.016198009252548218
1.0,1e-06,1.3561420440673828,2.3347044959664345,11.71875,0.038815937936306,2.450955182313919,12.5,52.34375,0.014087021350860596
